end_date,approval_percentage,weighted_no,total_sample_size
2017-01-22,45.57044673539519,40.43642611683849,3492.0
2017-01-23,45.0,46.0,1500.0
2017-01-24,46.83053091486826,44.49700781146564,7553.0
2017-01-25,44.25863586358636,41.60781863900676,12726.0
2017-01-26,46.43377173091459,46.57871504157219,6615.0
2017-01-27,44.50161042944785,46.869171779141105,5216.0
2017-01-28,46.24966471081307,45.621318804135235,7158.0
2017-01-29,48.61751824817518,46.62244525547445,6576.0
2017-01-30,48.16327436355791,48.564926339148116,16223.0
2017-01-31,46.743980654761906,46.86178571428571,13440.0
2017-02-01,46.95761429003936,48.05924916742355,9909.0
2017-02-02,46.065944682508764,48.18611608881964,12835.0
2017-02-03,45.989634558989394,47.865362057297546,8866.0
2017-02-04,45.945321959273535,47.16933131535498,14536.0
2017-02-05,46.84399412960036,50.494957477233385,26574.0
2017-02-06,46.449478364973494,48.75412177184881,11694.0
2017-02-07,45.70874630645842,48.52759814267624,11845.0
2017-02-08,46.53109756097561,48.89553915275995,9348.0
2017-02-09,46.59774712643678,48.648413793103444,8700.0
2017-02-10,46.479759406910055,48.411777871030914,7149.0
2017-02-11,45.580275144078826,49.5622420524261,5379.0
2017-02-12,45.32790199809705,52.234922522767434,29428.0
2017-02-13,46.29421315570358,49.670407993338884,12010.0
2017-02-14,44.85890446976337,49.944539877300606,11410.0
2017-02-15,45.926427350427346,49.98646153846153,8775.0
2017-02-16,44.93276080691643,50.217763688760805,8675.0
2017-02-17,45.47631558964234,52.36728680993242,26338.0
2017-02-18,43.60742087254063,50.959505988023956,9352.0
2017-02-19,43.853875071198026,51.718162141636604,26335.0
2017-02-20,45.492353542234326,49.721721730245235,11744.0
2017-02-21,44.074301940369146,51.00407950780881,10565.0
2017-02-22,45.56056843913485,47.98925587569298,12807.0
2017-02-23,45.051516617663474,52.701533365588595,26869.0
2017-02-24,43.523962213943584,49.913783927621076,7516.0
2017-02-25,43.77826723449561,49.72559222784136,7514.0
2017-02-26,46.32463167587477,48.72870165745856,10860.0
2017-02-27,45.58702886247878,49.64464063384267,8835.0
2017-02-28,46.04008315541072,49.12102483425104,8899.0
2017-03-01,45.39380003558086,49.99567692581392,11242.0
2017-03-02,46.28435717625059,51.57173757207418,32085.0
2017-03-03,45.514790224608,48.85434383387484,7079.0
2017-03-04,44.53122590593678,49.449267540478026,9079.0
2017-03-05,46.846127256433235,48.42716041479964,15622.0
2017-03-06,46.085394921327314,47.48849509269357,12838.0
2017-03-07,45.05861818181818,49.17112727272727,12375.0
2017-03-08,46.50267878215719,49.03142553693652,8474.0
2017-03-09,47.34622211723417,50.50261870212264,29633.0
2017-03-10,46.40147267063155,47.95157179269329,7062.0
2017-03-11,46.071596762325235,48.76655629139073,8154.0
2017-03-12,43.715746066948505,52.06599902973179,14429.0
2017-03-13,46.538434864104964,48.95959700093721,10670.0
2017-03-14,43.86817030854356,50.63357404107663,10663.0
2017-03-15,44.067716810044175,51.03480585910253,8602.0
2017-03-16,45.957492120282815,52.480347559417325,35217.0
2017-03-17,43.4747736574476,49.44979536152797,8063.0
2017-03-18,42.034162763466036,51.84121779859485,6832.0
2017-03-19,45.823314442055896,49.36015243306625,10234.0
2017-03-20,45.30047192526245,50.22934604642204,10383.0
2017-03-21,43.46619579500656,50.50343298291722,12176.0
2017-03-22,44.544232613908875,51.24058752997601,8340.0
2017-03-23,43.335665791617636,54.34533960954708,33141.0
2017-03-24,44.538534756273435,50.43443899625036,6934.0
2017-03-25,43.815162864601064,50.573499035296784,8811.0
2017-03-26,42.08264363679981,52.561329015233305,8337.0
2017-03-27,41.37384467265725,51.7171052631579,12464.0
2017-03-28,41.185884738360755,52.24479450986509,12823.0
2017-03-29,40.903807059693214,53.67438551099612,10822.0
2017-03-30,43.1042391372109,54.69636244623153,32082.0
2017-03-31,43.867337013669825,49.9030625657203,7608.0
2017-04-01,44.519969512195125,50.17493902439025,9840.0
2017-04-02,43.46915142492556,51.738079540621015,9404.0
2017-04-03,42.613037588892645,52.51832881815103,11812.0
2017-04-04,43.577050639055166,50.83673353826242,12362.0
2017-04-05,42.8291975660772,53.214746149458065,10518.0
2017-04-06,42.58542518837459,54.638089343379974,37160.0
2017-04-07,42.39551820728291,51.54770308123249,7140.0
2017-04-08,43.12167536313637,50.577182343816105,7091.0
2017-04-09,45.4317136344799,49.78416908412763,9652.0
2017-04-10,45.918027533823874,49.41979586992642,8426.0
2017-04-11,43.83407104595433,50.45375669579927,14188.0
2017-04-12,43.63750846883468,50.63090277777778,11808.0
2017-04-13,45.00577198113006,52.48581552714155,46847.0
2017-04-14,44.35400267737617,50.06629183400267,7470.0
2017-04-15,44.93894493484657,49.11845313156788,9516.0
2017-04-16,46.712552995391704,49.82208294930875,5425.0
2017-04-17,45.66555928411633,51.54440715883669,8940.0
2017-04-18,42.07622293723074,53.92639472105579,18337.0
2017-04-19,43.93743163172288,50.937135369188695,8776.0
2017-04-20,44.52992474877308,52.95769385370414,42790.0
2017-04-21,42.5202557544757,52.10492327365729,7820.0
2017-04-22,41.160495480415136,53.55741546702377,5974.0
2017-04-23,43.428739225158665,51.73709387136497,10557.0
2017-04-24,43.767759444203215,51.3426906932986,13818.0
2017-04-25,42.086311612124,50.90772416173003,17387.0
2017-04-26,42.513117006658916,52.93632808371208,9461.0
2017-04-27,45.295983323164535,52.48771100264389,39336.0
2017-04-28,42.65356517680009,51.29445676274945,8569.0
2017-04-29,42.467491961414794,51.68631296891747,9330.0
2017-04-30,44.649621630813705,50.875452767621795,11761.0
2017-05-01,44.21133202843309,51.52535283815803,9707.0
2017-05-02,44.28652442448064,50.32197000080212,12467.0
2017-05-03,44.713935742971884,51.33413654618474,7470.0
2017-05-04,44.92303168993685,51.851454145182785,34522.0
2017-05-05,42.987526078840446,51.69723289777094,9107.0
2017-05-06,42.839413888299,50.67863665321725,9418.0
2017-05-07,43.67634506242906,51.30640181611805,8810.0
2017-05-08,42.94476730987515,52.28419977298524,8810.0
2017-05-09,42.765246264526844,51.87655150604791,12649.0
2017-05-10,42.17182694514574,52.438948817994024,8714.0
2017-05-11,43.65455536109368,53.9371561602219,30283.0
2017-05-12,41.22534782032596,53.2554127467868,7547.0
2017-05-13,40.542986981085726,53.67299189388357,8142.0
2017-05-14,41.279203920220084,53.839219394773046,11632.0
2017-05-15,40.49344094577697,55.06943276116858,8797.0
2017-05-16,39.791961221688396,54.27309540150995,11656.0
2017-05-17,40.3018455292055,54.62176801697887,10837.0
2017-05-18,39.572572365165755,57.66582446808511,32336.0
2017-05-19,37.71815792931284,56.16256733674944,7611.0
2017-05-20,42.55490196078431,51.91746987951807,16932.0
2017-05-21,38.973920647065256,55.967209531096294,9149.0
2017-05-22,39.768385278514586,55.163983753315655,12064.0
2017-05-23,39.74029268292683,54.222920325203255,15375.0
2017-05-24,40.493758155719874,54.39908655937364,9196.0
2017-05-25,41.55218900077459,56.03633152594888,32275.0
2017-05-26,39.3037009893734,55.06649566385734,8187.0
2017-05-27,40.18104863408061,54.73052799215975,8163.0
2017-05-28,41.82523037813791,53.07104120326237,9441.0
2017-05-29,41.40046923323025,54.16944651807615,9377.0
2017-05-30,40.804315025029965,53.799922442360575,14183.0
2017-05-31,42.06332810824189,52.980991667354175,12121.0
2017-06-01,41.63322192070951,55.92748361903501,30218.0
2017-06-02,40.2378021746015,55.06553362187269,9473.0
2017-06-03,38.661271165024004,56.116654030831434,7914.0
2017-06-04,40.19518673856601,55.91719592570402,10014.0
2017-06-05,40.54568392078905,55.17814817646609,13079.0
2017-06-06,38.96524471783899,55.99079299277882,14956.0
2017-06-07,39.656630602782066,56.287810407006695,9705.0
2017-06-08,41.311973585472,56.37697733753564,33315.0
2017-06-09,39.05102621722847,55.27207490636704,6675.0
2017-06-10,37.01310408921933,58.29807488050982,7532.0
2017-06-11,39.099584094136745,56.555802393994725,9858.0
2017-06-12,41.37466552192888,53.90470773413465,13977.0
2017-06-13,40.48807855430574,54.35521851373778,10846.0
2017-06-14,40.52031211899536,55.51909290416971,8202.0
2017-06-15,43.43716364533235,54.60934517203108,40545.0
2017-06-16,39.81160872127283,55.31208014142605,6788.0
2017-06-17,38.05701924511413,56.31878263464121,6703.0
2017-06-18,38.388623268358465,57.384007600833634,16314.0
2017-06-19,40.86496686833765,54.70069864592337,13884.0
2017-06-20,39.695048047117176,55.30069745815251,12904.0
2017-06-21,42.591835760324656,53.6402641839739,12567.0
2017-06-22,43.39139605420598,53.942329632412275,35937.0
2017-06-23,38.287540500736384,55.61063328424153,6790.0
2017-06-24,39.82469262295082,54.98188752276867,8784.0
2017-06-25,39.204316684175346,54.44110400152803,10471.0
2017-06-26,37.77897098414598,58.06947851231429,10029.0
2017-06-27,40.087235665256884,54.12921028912154,14423.0
2017-06-28,39.34153809636839,55.83198433420365,8426.0
2017-06-29,41.09807814220413,55.829595275432915,29971.0
2017-06-30,38.97996299985769,55.22291162658318,7027.0
2017-07-01,39.32288863441168,54.15961923847695,6986.0
2017-07-02,38.75802290785265,56.5829119801878,9691.0
2017-07-03,39.47032644577577,55.138647756449444,8179.0
2017-07-04,38.64304513589964,55.14562784405362,8131.0
2017-07-05,39.70147510755993,55.90644130301168,8135.0
2017-07-06,43.039374329090634,54.889253182027296,32605.0
2017-07-07,39.53757763975155,55.24627329192546,6762.0
2017-07-08,40.74120727272727,54.414792727272726,6875.0
2017-07-09,42.3623012686687,53.52171189979122,12454.0
2017-07-10,41.28951314816771,55.03233710001056,9469.0
2017-07-11,39.53416119962512,55.36594814120587,12804.0
2017-07-12,41.778847217612565,54.649939152561124,9039.0
2017-07-13,42.27106647258612,55.49360601649685,41220.0
2017-07-14,40.74633630457773,54.079211361232815,6619.0
2017-07-15,41.781657355679705,52.74046554934823,10740.0
2017-07-16,41.071753215356345,54.085833091577214,10341.0
2017-07-17,39.942700479780676,55.57482293808545,8754.0
2017-07-18,38.898786696080094,56.073612760902776,11786.0
2017-07-19,39.632575387918415,56.411359422269925,10247.0
2017-07-20,41.01485442661913,56.3623687858982,25245.0
2017-07-21,38.850350903389575,54.63195460654023,6697.0
2017-07-22,38.66329284750337,54.3726195831459,6669.0
2017-07-23,39.28091699206449,55.14334299030104,7939.0
2017-07-24,40.974049513704685,54.73134394341292,15834.0
2017-07-25,38.78744873628994,55.65557463042441,10485.0
2017-07-26,37.20224603808004,58.05853380458329,8771.0
2017-07-27,39.56667633290526,57.45904138531008,24139.0
2017-07-28,37.758289269051325,57.59173665111457,9645.0
2017-07-29,38.39588457124118,56.98889981964256,12198.0
2017-07-30,37.80543893940681,58.198104869550434,11767.0
2017-07-31,38.67096329609749,57.54831713332366,13786.0
2017-08-01,37.90550144052682,57.51164768829744,14578.0
2017-08-02,37.796591437878085,57.066158678455096,8596.0
2017-08-03,39.37237880496054,58.365366403607666,31045.0
2017-08-04,37.60167701863354,56.47428571428572,6440.0
2017-08-05,36.12892082354567,57.783086914467326,7237.0
2017-08-06,37.50487666169048,57.717729437691055,14067.0
2017-08-07,38.87314248251748,56.995836975524476,9152.0
2017-08-08,37.93788538098324,56.57913156189241,10801.0
2017-08-09,37.63004169825626,57.64061789234269,10552.0
2017-08-10,41.32098478917347,56.12533273683033,35764.0
2017-08-11,39.262550455972494,54.378771116758855,6689.0
2017-08-12,37.79343446314292,55.686596349845935,8438.0
2017-08-13,37.94567635903919,56.19029077117572,7910.0
2017-08-14,40.18743733411973,54.1952816278384,13564.0
2017-08-15,37.94357571714476,55.34936624416277,14990.0
2017-08-16,36.09087214028568,58.80582975264197,8611.0
2017-08-17,40.22007928744272,57.35642794624929,38846.0
2017-08-18,36.367576872848154,57.37447465273655,8423.0
2017-08-19,37.45606980802792,56.713856893542754,14325.0
2017-08-20,36.5531640801567,58.84282055145397,13274.0
2017-08-21,37.051456594080214,59.575334228501376,17129.0
2017-08-22,38.33380310597249,57.18921119244715,14617.0
2017-08-23,37.054662727720334,58.44306253077302,10155.0
2017-08-24,38.990625,58.291048337438426,25984.0
2017-08-25,35.75954341858113,58.60794682849299,6921.0
2017-08-26,37.111095522039044,57.072676253945986,8553.0
2017-08-27,37.39716809196691,57.7657787747091,7133.0
2017-08-28,39.27971909107175,56.171032385042054,11178.0
2017-08-29,38.549800362976406,57.67865698729583,22040.0
2017-08-30,37.36691517410674,58.530911901081915,10999.0
2017-08-31,40.04299225336776,57.865681485860065,32143.0
2017-09-01,36.887860453141094,58.04225025746653,7768.0
2017-09-02,37.400651176557645,57.335533520793255,6757.0
2017-09-03,40.0657811260904,55.32458366375892,10088.0
2017-09-04,39.87605181986428,55.71617520049352,8105.0
2017-09-05,40.88886000742666,53.533568510954325,10772.0
2017-09-06,40.87018472106191,55.54932702125685,10773.0
2017-09-07,41.040357615060124,55.95229490650381,31766.0
2017-09-08,41.668004377964245,52.40408609996352,10964.0
2017-09-09,40.10448553329909,53.30434001027222,11682.0
2017-09-10,39.839482931726906,55.11017821285141,7968.0
2017-09-11,39.72218295043339,55.34269965496929,11883.0
2017-09-12,38.10377937494953,54.78536703545183,12383.0
2017-09-13,38.46560727557207,54.96922550361823,10226.0
2017-09-14,42.42292915727373,54.53508561561706,41698.0
2017-09-15,39.85024013119363,54.09989457654914,8537.0
2017-09-16,39.63016698603887,54.6266219545579,7306.0
2017-09-17,41.33869102488896,53.41219307801894,11933.0
2017-09-18,39.87919387755102,55.04311224489796,9800.0
2017-09-19,40.399846650524616,52.556844229217106,12390.0
2017-09-20,40.22035916134914,54.999116378000615,16455.0
2017-09-21,43.866689068264,53.306565615983054,27379.0
2017-09-22,39.14856611378081,54.868532010541,6451.0
2017-09-23,39.433467181467186,53.77442471042471,6475.0
2017-09-24,40.64595090016367,54.06545990180033,15275.0
2017-09-25,39.80555555555556,55.0533014571949,8784.0
2017-09-26,38.550845327850126,56.20407242403473,17508.0
2017-09-27,38.67217669148165,55.513338823374404,15179.0
2017-09-28,40.45362562501365,56.62110963121466,45799.0
2017-09-29,39.085238226383915,55.95793628936014,10893.0
2017-09-30,38.64418111398008,55.76899668019181,10844.0
2017-10-01,41.08009991673605,54.46851865869351,13211.0
2017-10-02,39.373805096795365,57.51285136169747,9143.0
2017-10-03,40.13563626178695,55.52971711324807,10711.0
2017-10-04,41.49940408266768,56.48713325725878,39435.0
2017-10-05,39.153902544200086,57.075506683915485,9276.0
2017-10-06,39.30583212925259,55.64224353080257,7613.0
2017-10-07,37.2494942903752,57.566084828711254,6130.0
2017-10-08,38.243508771929825,57.160771929824556,8550.0
2017-10-09,39.56103994606438,55.51839710096073,11866.0
2017-10-10,38.69946275358833,55.56755673161735,12471.0
2017-10-11,41.19919406970208,56.50534733932921,42696.0
2017-10-12,38.50643558767077,56.14023935869933,8857.0
2017-10-13,38.45891424075531,56.28202989771833,6355.0
2017-10-14,39.08993702081052,56.38500821467689,7304.0
2017-10-15,38.94802156709279,55.9003652491521,11499.0
2017-10-16,40.00228567598364,54.47239091091896,14919.0
2017-10-17,38.96921229106196,56.26717045340807,9991.0
2017-10-18,39.194639811462864,58.93700187079375,41159.0
2017-10-19,38.665178658835046,56.62120411160058,10215.0
2017-10-20,37.391303273625695,58.0019394688079,8095.0
2017-10-21,37.38848232848233,57.56618156618157,7215.0
2017-10-22,37.58712686567164,57.31732879719051,9112.0
2017-10-23,39.064818168100196,55.99956994114984,13254.0
2017-10-24,37.67203769504094,56.877313455893706,12946.0
2017-10-25,39.189667092507705,58.381698855239094,39921.0
2017-10-26,38.537268493447414,57.66756742120654,18466.0
2017-10-27,37.50707040121121,57.592066616199844,6605.0
2017-10-28,37.93464805825243,56.68924453883495,6592.0
2017-10-29,37.84099930763905,57.45897761366259,8666.0
2017-10-30,39.41357653031108,55.71155185644295,16941.0
2017-10-31,39.157223332727604,56.428266400145375,11006.0
2017-11-01,40.357858631028,57.51542761319173,39358.0
2017-11-02,39.058480964945346,56.24072747832642,10612.0
2017-11-03,37.34059624108879,57.819533376539205,7715.0
2017-11-04,36.97525742426504,57.82530965527533,6701.0
2017-11-05,38.500479137552404,56.886504292273905,10018.0
2017-11-06,39.92676563202879,55.35609536662168,13338.0
2017-11-07,38.50466017582002,56.124302864164854,10579.0
2017-11-08,40.67544291606473,56.947778405879035,47763.0
2017-11-09,38.91468209276134,55.900982901607456,9767.0
2017-11-10,37.65935036266162,57.89908546199937,6342.0
2017-11-11,39.54368266405485,56.261684622918715,10210.0
2017-11-12,40.351980651065496,55.396993070989666,7649.0
2017-11-13,39.54128905610993,54.92671356126288,12226.0
2017-11-14,38.97344164974223,56.54516481799718,12802.0
2017-11-15,41.301385964340426,56.00259134913133,30679.0
2017-11-16,39.654040275299515,55.89852153963803,7846.0
2017-11-17,39.32347066167291,55.65649188514358,6408.0
2017-11-18,38.855257270693514,55.99264940875679,6258.0
2017-11-19,41.393838645722134,53.41302424889431,13114.0
2017-11-20,37.65789938217122,57.53303912915564,10197.0
2017-11-21,38.36587023235423,55.16222709338009,11405.0
2017-11-22,40.557733451298965,57.071744550792246,24866.0
2017-11-23,39.011995731056565,55.840277481323376,4685.0
2017-11-24,38.385933433776195,56.46534721271059,7301.0
2017-11-25,40.88456723245455,53.93176838810642,8307.0
2017-11-26,39.666301886792446,55.71348427672956,7950.0
2017-11-27,39.03874851013111,55.996924910607866,8390.0
2017-11-28,39.59361135758651,55.27671694764862,11270.0
2017-11-29,39.057603652386256,58.77859133620003,37674.0
2017-11-30,38.84203370036703,55.468335001668336,11988.0
2017-12-01,38.29237498177577,57.29499927103077,6859.0
2017-12-02,37.9150766343447,56.93789490147012,6394.0
2017-12-03,40.318496163682866,55.615130434782614,9775.0
2017-12-04,37.79625493212065,57.00078913930315,14953.0
2017-12-05,38.72039109266502,55.24789049405379,12529.0
2017-12-06,39.542093927165595,57.915542296932635,40393.0
2017-12-07,38.363029512146156,56.92988355751857,9962.0
2017-12-08,35.477474781066405,61.60029930162953,9021.0
2017-12-09,37.19780201619567,58.47481408031731,6051.0
2017-12-10,38.37410642300456,56.96980650362806,7442.0
2017-12-11,38.9671972711768,57.16601604446971,15831.0
2017-12-12,37.91711435752435,56.326712221174986,12732.0
2017-12-13,39.404365475773865,57.94134762828874,31433.0
2017-12-14,37.65384700298046,58.44036869411635,9059.0
2017-12-15,37.496240769747146,58.24504363392257,8938.0
2017-12-16,36.76344819189091,58.87137464994521,8213.0
2017-12-17,36.641310687939615,58.89229713501459,11658.0
2017-12-18,39.050567595459235,56.70693862684393,16473.0
2017-12-19,38.49312882421035,56.48247064660162,12094.0
2017-12-20,39.050993905452145,57.885909405369794,30355.0
2017-12-21,39.867739971074066,54.86743548755424,13137.0
2017-12-22,38.39796665311102,56.85776060729294,7377.0
2017-12-23,38.33187037910964,56.210633946830264,6357.0
2017-12-24,40.676798349056604,54.42082841981132,6784.0
2017-12-25,39.5306508355321,56.15070360598065,4548.0
2017-12-26,39.65678177676537,54.30201184510251,10975.0
2017-12-27,38.78262592367829,58.74451504658552,28013.0
2017-12-28,39.964226790624586,55.529618960324726,7637.0
2017-12-29,39.07161357546889,55.58971420065496,6718.0
2017-12-30,40.51606672519754,54.43214808311385,6834.0
2017-12-31,41.265348253907,53.99737603704419,5183.0
2018-01-01,38.344662772172065,55.46893255443441,1883.0
2018-01-02,41.60250376248461,53.37678204952798,7309.0
2018-01-03,43.82593381185727,53.411233694526885,28978.0
2018-01-04,41.22053248136315,54.06306709265175,4695.0
2018-01-05,43.34546944629411,53.03916918506377,19523.0
2018-01-06,42.108999383603866,53.17832340250668,4867.0
2018-01-07,40.9765671448882,54.697983714618076,7737.0
2018-01-08,39.34385318597353,56.032487378905714,7329.0
2018-01-09,40.82725092435295,54.405686019786145,10007.0
2018-01-10,43.336309348617455,53.85019363333591,25822.0
2018-01-11,42.602382360395374,52.981211455605305,11837.0
2018-01-12,42.29928143712576,53.397684630738524,5010.0
2018-01-13,41.74938725490196,53.10259395424837,4896.0
2018-01-14,41.046847431240266,54.87477944992216,7708.0
2018-01-15,38.77802498336906,54.10534407568926,13529.0
2018-01-16,41.54327697477199,53.94953864206091,18749.0
2018-01-17,42.390907402247606,55.4829386087118,32301.0
2018-01-18,39.791405389161575,56.51983371731944,9983.0
2018-01-19,40.50345632200671,55.68691847746828,6857.0
2018-01-20,40.10178217821782,55.58916291629163,11110.0
2018-01-21,39.171174863387975,56.64390278976129,13908.0
2018-01-22,40.029904682967256,57.2615167840862,12065.0
2018-01-23,39.82118937644342,55.746521362586606,13856.0
2018-01-24,40.53105265932212,57.411844394075175,37942.0
2018-01-25,39.77551348250143,56.13053356282272,8715.0
2018-01-26,40.92033319094404,53.87569414780008,9364.0
2018-01-27,39.96073367022272,55.444207374134386,5343.0
2018-01-28,40.00049757281553,55.864065533980586,8240.0
2018-01-29,41.43861177884616,54.22716346153846,6656.0
2018-01-30,41.704492753623185,52.788532608695654,11040.0
2018-01-31,44.44888491008189,54.28102372363675,37979.0
2018-02-01,44.626948687818256,51.90068155111634,12765.0
2018-02-02,42.859548098007444,54.071188864524736,10489.0
2018-02-03,40.733043623600196,53.82303192378406,5983.0
2018-02-04,42.69383198437064,52.980979626011724,14332.0
2018-02-05,42.871906192460514,52.67706173078786,10319.0
2018-02-06,42.382798222818344,53.114125241009305,11929.0
2018-02-07,43.8118601930389,53.957374754523045,47866.0
2018-02-08,44.702875123395856,51.86074777887463,8104.0
2018-02-09,42.80121779859485,53.21995316159251,6405.0
2018-02-10,41.96525494566731,52.1985789913625,7178.0
2018-02-11,43.13942798774259,53.12731035965808,18601.0
2018-02-12,43.33699865902719,51.55666219675728,8203.0
2018-02-13,41.121323630372096,54.741377179733625,14566.0
2018-02-14,43.26478990520113,54.58658083525493,31224.0
2018-02-15,41.402563733256514,52.83124009794037,6943.0
2018-02-16,41.53520923520924,53.77447691197691,5544.0
2018-02-17,40.65730880929332,54.340561471442406,4132.0
2018-02-18,41.176775170325506,54.950688872066614,6605.0
2018-02-19,42.09804659238894,54.49382144407466,13822.0
2018-02-20,42.17708089097304,53.11946072684642,13648.0
2018-02-21,42.79445271275876,55.084835610878095,36955.0
2018-02-22,42.298769733260755,53.848927599346766,9185.0
2018-02-23,41.65686274509804,54.97335966188596,14433.0
2018-02-24,41.67903558535327,54.19981949458483,7756.0
2018-02-25,42.535941619585685,52.78428436911488,10620.0
2018-02-26,44.049762989972656,51.514530537830446,10970.0
2018-02-27,42.82818675352877,52.52094462540717,9210.0
2018-02-28,43.477419808864305,54.70992835930133,71049.0
2018-03-01,41.467363597307745,54.515079478734066,6983.0
2018-03-02,40.70317937701397,54.94891514500537,4655.0
2018-03-03,41.93001492219143,52.618865913451295,4691.0
2018-03-04,42.65557267591166,52.6295197740113,7788.0
2018-03-05,41.727203723594705,53.31873970640888,13965.0
2018-03-06,41.69511489992587,52.3188361749444,13490.0
2018-03-07,43.16538685179638,54.93968600778813,56753.0
2018-03-08,42.31162555161687,53.68308616074658,13823.0
2018-03-09,40.05535254445126,54.194874310239115,8155.0
2018-03-10,40.869197443951045,52.92351348424131,9233.0
2018-03-11,42.34449238704558,54.256102762485746,20163.0
2018-03-12,43.43766410701016,52.66678226405747,8074.0
2018-03-13,41.496105199759086,53.51461553904838,9962.0
2018-03-14,44.24532271954938,53.684174755021765,42963.0
2018-03-15,41.24576954069299,54.96341659951652,6205.0
2018-03-16,40.531564076690216,55.22284561049445,4955.0
2018-03-17,41.040410081161895,53.833974085148796,7023.0
2018-03-18,41.7913315821378,54.08589614063447,9898.0
2018-03-19,43.08432516530533,53.33858420847919,10284.0
2018-03-20,40.891725660348634,52.40299155058232,13137.0
2018-03-21,43.7483915149773,53.92887833005013,118279.0
2018-03-22,40.648798988622,55.15975558364939,9492.0
2018-03-23,41.32958842152872,55.51413839891451,11055.0
2018-03-24,40.12779841505696,55.5795814759782,8076.0
2018-03-25,40.47618319499053,55.254303189165576,13734.0
2018-03-26,40.45776255707762,55.78068973804374,8322.0
2018-03-27,41.176702127659574,53.422508865248226,11280.0
2018-03-28,43.867224371083324,54.60589487571587,33351.0
2018-03-29,42.57356335237207,54.316202354586785,8579.0
2018-03-30,41.24679562329035,54.40533411488863,5118.0
2018-03-31,40.2092778000267,54.678400747563735,7491.0
2018-04-01,41.82656844106464,53.99752851711027,10520.0
2018-04-02,42.46495975737781,53.2252886970722,8573.0
2018-04-03,41.490687408030276,53.49083455959639,9514.0
2018-04-04,43.27384414505312,54.66517894237047,33698.0
2018-04-05,41.2163316252792,54.78810931546447,7611.0
2018-04-06,39.87423288749016,55.370574350904796,5084.0
2018-04-07,41.051797663604404,53.5217761143246,8817.0
2018-04-08,42.19513629369092,55.12140580347329,18196.0
2018-04-09,41.36697879372074,54.08234646103002,7262.0
2018-04-10,42.02522198731501,53.0468287526427,9460.0
2018-04-11,43.93145603835169,54.13820940432477,39216.0
2018-04-12,42.806442757952524,53.42974325851768,6193.0
2018-04-13,43.11272727272727,53.81548070634401,15290.0
2018-04-14,41.93502981260647,54.278747870528115,4696.0
2018-04-15,42.532069367154136,53.78492299728225,7727.0
2018-04-16,40.89792138705546,54.751374248842474,10151.0
2018-04-17,40.90133654103181,55.114735364875706,14964.0
2018-04-18,44.330468381867874,53.78279851097918,42444.0
2018-04-19,43.15958091609663,53.97139146246428,11549.0
2018-04-20,39.98265916285614,54.82641575800211,5686.0
2018-04-21,41.36750164798945,52.92014941771039,4551.0
2018-04-22,41.72726426076833,53.93756693830035,8590.0
2018-04-23,42.4906687781703,53.54527957120234,8209.0
2018-04-24,41.58256208119827,53.50434371304691,12685.0
2018-04-25,45.163796873066296,52.73555546388351,24241.0
2018-04-26,41.52417800079228,54.71151459131124,7573.0
2018-04-27,40.8298927118017,54.226304106548284,5406.0
2018-04-28,41.96373114876187,52.78968534723516,5371.0
2018-04-29,43.10664576046315,52.74632734290194,8291.0
2018-04-30,42.69376876267748,51.99741176470588,12325.0
2018-05-01,43.95636103393113,51.29738991327776,11877.0
2018-05-02,45.309124087591236,52.257461753824614,40004.0
2018-05-03,47.94206549118388,48.875721759348956,5161.0
2018-05-04,45.20785990633272,51.927061698228464,9822.0
2018-05-05,43.910236585743,51.80071130354106,6467.0
2018-05-06,43.72994805194805,52.04906493506493,7700.0
2018-05-07,43.96768292682927,52.4822974036192,5084.0
2018-05-08,43.348187414500686,51.01910624715003,8772.0
2018-05-09,44.680127552150225,53.69880419859162,22579.0
2018-05-10,44.13279231011661,51.07685156003781,6346.0
2018-05-11,44.73735150244584,52.50174703004892,2862.0
2018-05-12,43.245031937544354,51.12695173882186,5636.0
2018-05-13,44.337671018929214,53.375435746860745,16007.0
2018-05-14,43.87045739348371,51.851211361737676,9576.0
2018-05-15,43.03941183417976,51.72728239045707,8467.0
2018-05-16,45.159916284208734,52.43393889172191,47064.0
2018-05-17,41.640384185838734,54.02092919365647,8954.0
2018-05-18,43.95897094108237,52.12319381498266,3751.0
2018-05-19,44.202721999107546,52.73248549754574,4482.0
2018-05-20,42.527554383651946,53.528503625576796,7585.0
2018-05-21,44.325312701482915,52.34460348162476,15510.0
2018-05-22,42.76633010680908,52.600267022696926,11984.0
2018-05-23,45.58656337478028,52.20325174142309,30722.0
2018-05-24,45.953691076193294,51.9853839312185,6746.0
2018-05-25,44.454688980107356,52.5,3167.0
2018-05-26,44.6517283647953,53.45122579063496,8158.0
2018-05-27,42.4178381256656,53.39945420660277,7512.0
2018-05-28,41.06649937264743,53.7587452948557,7970.0
2018-05-29,42.55886385274516,51.938483021263096,15755.0
2018-05-30,44.709992071953856,52.56433472757593,36579.0
2018-05-31,42.999636891793756,52.2056333644569,9639.0
2018-06-01,41.86404262633207,53.18241663801994,5818.0
2018-06-02,42.13681952266023,54.045079109680884,3729.0
2018-06-03,42.17652882205514,52.93874686716792,7980.0
2018-06-04,42.01998284734134,53.0525633695445,10494.0
2018-06-05,41.35930320150659,53.65182674199624,10620.0
2018-06-06,45.09751567324787,52.92978229000967,64122.0
2018-06-07,41.596336725254396,53.93605920444034,5405.0
2018-06-08,40.238692168518995,55.03768415611269,3869.0
2018-06-09,40.760434173669466,55.498564425770304,2856.0
2018-06-10,42.91270176364516,52.971698113207545,22737.0
2018-06-11,43.54932755869615,52.75404604513335,4387.0
2018-06-12,42.991570093457945,52.12558878504673,10700.0
2018-06-13,45.312702450606295,51.72696514881709,35379.0
2018-06-14,43.49483394833948,51.71526415264153,11111.0
2018-06-15,43.169350411710894,51.17504574565416,8744.0
2018-06-16,44.650572972972974,52.037643243243245,4625.0
2018-06-17,43.40308329879818,51.71717364276834,12065.0
2018-06-18,43.00337761765368,51.85224799219395,13323.0
2018-06-19,43.79314565483476,51.92613775453433,17974.0
2018-06-20,44.37070971971808,53.30171447303721,30505.0
2018-06-21,42.39745063734067,53.04628842789303,8002.0
2018-06-22,42.70588896381209,53.07154416722859,4449.0
2018-06-23,42.19230484646688,54.19156492785793,2703.0
2018-06-24,42.03230135624512,52.672640772562666,14083.0
2018-06-25,42.97070683661646,52.992294322132096,8630.0
2018-06-26,41.62817290776577,52.106446343302345,7958.0
2018-06-27,44.65319650861052,53.09977982228513,25434.0
2018-06-28,42.68295302013423,52.87738255033557,7450.0
2018-06-29,41.54715465810005,54.196776044056904,8716.0
2018-06-30,41.17690343546889,53.35920380687094,8616.0
2018-07-01,43.554237288135596,53.09835696990661,11564.0
2018-07-02,43.02539193009509,53.12277906279448,11673.0
2018-07-03,42.71600647495715,51.47642353837364,10502.0
2018-07-04,46.583434753211634,51.711377466347045,32538.0
2018-07-05,44.219125939849626,52.357800751879694,6384.0
2018-07-06,43.41495617441473,51.82829246643737,9013.0
2018-07-07,41.97258566978193,54.30451713395639,3852.0
2018-07-08,43.68143280366281,53.60500942633989,18565.0
2018-07-09,42.199069410991896,53.25364571929056,9134.0
2018-07-10,42.50806098228957,52.23634288844258,10954.0
2018-07-11,44.76761762509335,53.21237938760269,33475.0
2018-07-12,41.27345940658624,54.57934463645256,6134.0
2018-07-13,42.42698513800425,53.41104033970276,4710.0
2018-07-14,42.006867523260965,52.8145104120514,9028.0
2018-07-15,43.59135507246376,52.7593695652174,13800.0
2018-07-16,42.33345724907063,53.310223048327146,7532.0
2018-07-17,42.0810522745991,53.399237763028275,61923.0
2018-07-18,44.07282844387755,53.538654336734695,31360.0
2018-07-19,42.2750513989452,53.05613658711004,11187.0
2018-07-20,44.650107103978655,53.091445728131475,113908.0
2018-07-21,42.29249876624444,52.790097055436746,6079.0
2018-07-22,42.69089217758985,52.459078224101475,11825.0
2018-07-23,42.55256512589798,52.44781220521008,13781.0
2018-07-24,42.81208053691275,51.989296459152975,8642.0
2018-07-25,43.589042834479116,54.101988365943946,18910.0
2018-07-26,43.82421441774492,52.51420446466658,7033.0
2018-07-27,43.837465510445405,53.08535672053606,10148.0
2018-07-28,42.55551614709726,52.27291394437185,5357.0
2018-07-29,43.34988522411502,51.99250936329588,8277.0
2018-07-30,43.09332323996972,52.073754731264195,13210.0
2018-07-31,42.686783988957906,52.22677708764665,8694.0
2018-08-01,44.605222426049075,53.538904494382024,34888.0
2018-08-02,42.90145368960266,52.77564723798975,7223.0
2018-08-03,43.31363346104725,53.65265006385696,9396.0
2018-08-04,44.38828461907044,52.1672735984667,4174.0
2018-08-05,42.03014765830238,52.96327565902708,11039.0
2018-08-06,43.57673824724318,52.01677307022635,8615.0
2018-08-07,44.12720674315149,51.20840552563802,8542.0
2018-08-08,44.43339276678795,53.6595354552683,41503.0
2018-08-09,43.51428441534824,52.59018003273323,10998.0
2018-08-10,43.74984136576522,53.407689983381175,6619.0
2018-08-11,40.753246753246756,52.0,1848.0
2018-08-12,42.617789356159285,53.79775048587851,24183.0
2018-08-13,44.734865223155104,51.7129916040654,4526.0
2018-08-14,43.715695331695336,51.62868796068796,10175.0
2018-08-15,45.344136402387036,51.65527706734868,29325.0
2018-08-16,44.046410745076685,51.75283601052727,11019.0
2018-08-17,43.56388864647875,53.01871018413474,11459.0
2018-08-18,43.786643109540634,52.843618374558304,7075.0
2018-08-19,43.55224268528145,52.05238378137531,13466.0
2018-08-20,42.45060567556121,54.222227869546806,11805.0
2018-08-21,44.00226389719068,52.20002241482367,13384.0
2018-08-22,43.61243776064703,54.17335523821559,39565.0
2018-08-23,42.06774247352181,54.28186973563506,11991.0
2018-08-24,43.33725614123794,53.952142586272274,23733.0
2018-08-25,40.66873536299766,54.868980200127744,9394.0
2018-08-26,40.98711133827413,54.72165431467757,11739.0
2018-08-27,41.820226664567926,54.21452069888242,12706.0
2018-08-28,40.177671523983,54.98207346690953,13176.0
2018-08-29,43.435040244523684,54.839778400407546,39260.0
2018-08-30,43.01814226519337,53.19390193370165,14480.0
2018-08-31,43.104688460120435,53.06764163696695,16274.0
2018-09-01,41.828309800083886,54.05488606179225,7153.0
2018-09-02,41.69763115936527,52.82923847847544,13171.0
2018-09-03,42.18573212613175,54.3523259444271,12812.0
2018-09-04,41.38974617428755,53.573783560890675,10913.0
2018-09-05,43.0351802766784,53.986097091608876,27541.0
2018-09-06,42.29910908052542,53.77677898343803,8755.0
2018-09-07,43.24799307253463,54.00242970660146,19632.0
2018-09-08,41.27058380414312,54.52613935969868,5310.0
2018-09-09,41.74803010335021,54.29080599292502,28834.0
2018-09-10,42.067676882761766,54.014150620941095,8777.0
2018-09-11,42.031699403717994,53.155182392143104,11404.0
2018-09-12,43.271244010271886,54.65901040425701,37773.0
2018-09-13,42.811117983609094,54.16012061233957,12934.0
2018-09-14,45.11137881297078,53.478145200064105,18719.0
2018-09-15,42.26366523960778,53.78218478110759,7241.0
2018-09-16,43.595617699718645,52.68962400886691,11729.0
2018-09-17,44.82216630447215,52.493137367036496,8743.0
2018-09-18,44.09153642702572,52.29000561032299,12477.0
2018-09-19,44.77843122042052,53.171089688881985,51556.0
2018-09-20,43.50247653511252,53.74732556824607,8843.0
2018-09-21,46.02290396527338,52.047812515241674,20503.0
2018-09-22,43.662814498933905,52.069211087420044,7035.0
2018-09-23,41.97334170065892,53.62729839974898,15935.0
2018-09-24,42.19479719805672,53.017003728392275,17702.0
2018-09-25,42.996434782608695,52.19982608695652,11500.0
2018-09-26,44.6713671539123,53.264276737879484,30238.0
2018-09-27,44.263323326858554,51.75023838954618,11326.0
2018-09-28,44.578133646348626,52.50542047455354,23854.0
2018-09-29,42.431534526854215,53.40838874680306,11730.0
2018-09-30,43.52534032775514,52.934336252492855,23066.0
2018-10-01,42.33085656360872,53.72189052204764,19730.0
2018-10-02,42.2992063958615,53.21222738228205,17011.0
2018-10-03,45.944293945765864,51.58196018460362,36619.0
2018-10-04,42.95196407804626,53.22208941723737,15478.0
2018-10-05,45.89425050488398,52.54173844949099,24263.0
2018-10-06,40.23496469042536,55.06297421579898,12178.0
2018-10-07,42.22093371163271,54.971952540624194,38770.0
2018-10-08,41.83080578656789,53.82261513732615,14309.0
2018-10-09,41.36416453265045,53.94116517285532,12496.0
2018-10-10,45.72387736529953,52.036746477547304,31867.0
2018-10-11,42.781555597508024,53.028505443332705,15891.0
2018-10-12,44.8341925111503,53.812768385022295,19282.0
2018-10-13,42.973198112004084,52.6670493685419,7839.0
2018-10-14,44.15438528054093,52.052324296209605,15381.0
2018-10-15,44.10094192808584,51.640896060283396,12209.0
2018-10-16,44.30562026108028,51.51858047369655,12793.0
2018-10-17,45.47028028192099,51.55925258154401,30505.0
2018-10-18,44.277362520021356,52.5913507741591,7492.0
2018-10-19,44.695637346374106,52.52340904703687,31082.0
2018-10-20,41.15878351206434,53.883203753351204,11936.0
2018-10-21,43.81406312961719,51.500987239758224,14890.0
2018-10-22,44.335342977780854,51.845864193258116,14447.0
2018-10-23,43.34793861518787,51.66529444004629,16421.0
2018-10-24,45.60919183866301,52.15575634098089,33867.0
2018-10-25,43.648664815210424,52.32175461083814,14043.0
2018-10-26,45.20739922506967,52.76798993950106,29422.0
2018-10-27,43.88249339565129,52.79310099573257,9842.0
2018-10-28,43.991093144460784,52.45778431110518,14966.0
2018-10-29,42.818755106588426,53.107390626160594,13463.0
2018-10-30,43.33858123204596,52.75633578040216,12532.0
2018-10-31,44.50534975860054,53.492253566866566,46189.0
2018-11-01,45.175188341361,51.2274299123132,16194.0
2018-11-02,45.55376593706242,52.981977301201276,27138.0
2018-11-03,43.09244821819117,52.61905956516145,15546.0
2018-11-04,44.145318701844495,52.19827223908475,12849.0
2018-11-05,44.98233416913608,51.54732163209482,8774.0
2018-11-06,44.769849479477486,51.585664080631254,15081.0
2018-11-07,45.212912258867455,52.659898999569194,41782.0
2018-11-08,44.73719519742543,52.30865824978339,16158.0
2018-11-09,45.77921044578191,51.36096093032745,9803.0
2018-11-10,42.880785891089104,53.08717512376238,6464.0
2018-11-11,44.017857426686795,52.26924421838989,25166.0
2018-11-12,44.20807617458994,52.866784820683904,14388.0
2018-11-13,42.99889041185301,54.9319659291169,30642.0
2018-11-14,45.21174004192872,52.70877009084556,11448.0
2018-11-15,44.62039058222304,53.35342215732798,27395.0
2018-11-16,45.80346223346585,52.4330177087098,13835.0
2018-11-17,44.534538847551474,51.09700640249178,5779.0
2018-11-18,44.14784310933941,51.52660876993166,14048.0
2018-11-19,44.76229574069113,51.91348781141173,14932.0
2018-11-20,44.37747519808243,52.19958053132699,15019.0
2018-11-21,44.764767363452464,52.130613621038435,8898.0
2018-11-22,45.51563911472448,51.74649954832881,8856.0
2018-11-23,46.12937939025273,51.95417481352741,13809.0
2018-11-24,44.12368106539184,51.6269079733652,5857.0
2018-11-25,43.757407160921076,52.40175695461201,7513.0
2018-11-26,46.020792362768496,51.08602386634845,10475.0
2018-11-27,44.69719274006154,51.38478929849903,15923.0
2018-11-28,45.41499749624437,51.580328826573194,11982.0
2018-11-29,45.169549862324914,52.63657967197414,16706.0
2018-11-30,44.53360453108865,51.86145132521826,31957.0
2018-12-01,42.351167006571494,52.451167006571495,4413.0
2018-12-02,42.44610419854947,52.648932064674966,15029.0
2018-12-03,45.11142723444081,51.917697707065976,10685.0
2018-12-04,45.053261156588334,50.925059413784,15148.0
2018-12-05,46.43130218912209,50.92092078537576,8862.0
2018-12-06,44.429108845774415,51.50132193357448,15205.0
2018-12-07,46.182068287889955,52.22703676410383,12213.0
2018-12-08,42.845395719263315,52.61715613074497,6027.0
2018-12-09,43.76165717076347,52.39196483802702,30715.0
2018-12-10,43.919309511698884,52.387302899287896,15728.0
2018-12-11,45.78301474965276,51.80187843111317,15119.0
2018-12-12,45.423662737987314,51.48977032336054,13236.0
2018-12-13,47.047047863048796,50.74368231046932,8587.0
2018-12-14,45.59625085566847,51.86456216102364,18991.0
2018-12-15,45.45803940647045,50.84580394064704,4111.0
2018-12-16,43.41983997514177,53.16940884020819,12873.0
2018-12-17,44.42758638420403,52.83901686548745,19448.0
2018-12-18,44.62671555314141,52.44099221437624,11046.0
2018-12-19,44.11505214368482,52.67783314020858,17260.0
2018-12-20,44.61064474944143,52.87835142036387,12532.0
2018-12-21,44.916371557054525,53.05757448004497,7116.0
2018-12-22,42.06046105919003,53.58848598130841,8025.0
2018-12-23,42.12981557377049,53.22670765027323,14640.0
2018-12-24,43.99248866213152,53.19400037792895,10584.0
2018-12-25,43.05039734433156,53.15783120410421,9941.0
2018-12-26,43.328920284431135,54.320508982035925,10688.0
2018-12-27,43.335272301385906,53.85231309779426,15369.0
2018-12-28,42.45518893028206,53.997906687954575,11274.0
2018-12-29,41.53155795703075,54.22207641837129,7773.0
2018-12-30,40.96148788506027,54.04028978448801,8213.0
2018-12-31,42.696588355464755,54.00361593462717,9790.0
2019-01-01,42.314527027027026,52.58096846846847,8880.0
2019-01-02,44.59286846275753,53.45853143159007,7572.0
2019-01-03,43.93372376769155,54.075841874084915,8196.0
2019-01-04,45.096796832823465,53.80264531221882,11114.0
2019-01-05,42.74959829146751,53.99605410352893,9833.0
2019-01-06,43.4369697969962,53.38366067007757,12118.0
2019-01-07,42.83432479195847,54.38041525912499,12137.0
2019-01-08,42.66500453309157,54.22545784224842,11030.0
2019-01-09,42.473755914504814,54.36395007342144,12258.0
2019-01-10,42.25557321803269,54.995040376422715,15727.0
2019-01-11,43.44495528816892,54.3203895313451,21359.0
2019-01-12,42.98546182641247,54.15823974928179,11487.0
2019-01-13,42.74682711950971,54.280353038815115,31328.0
2019-01-14,41.70114596293628,55.55797917621636,15271.0
2019-01-15,41.71698662373049,54.672535298488974,16148.0
2019-01-16,41.443579485469805,55.730732899927766,17997.0
2019-01-17,41.79674989822228,55.80506174514859,14738.0
2019-01-18,42.770950301517985,55.68763776252859,19236.0
2019-01-19,42.04075548749361,55.20422664624809,9795.0
2019-01-20,41.153079083837504,55.88695980985306,18512.0
2019-01-21,41.43010245349151,55.87890940954435,14836.0
2019-01-22,42.529855392649125,55.102194215705964,19916.0
2019-01-23,42.22821860220704,55.188106498511125,11418.0
2019-01-24,41.38455434434113,56.00827829432511,12476.0
2019-01-25,41.38257351265101,56.71667426487349,17548.0
2019-01-26,40.851218883013026,57.18425125757771,7753.0
2019-01-27,40.88162558162558,55.66542916542917,20202.0
2019-01-28,41.824494020239186,54.61620285188592,34784.0
2019-01-29,41.66118509124216,54.95342774607201,14193.0
2019-01-30,41.38785665177036,56.191955998624955,11636.0
2019-01-31,41.791655085699155,55.483157964396796,15111.0
2019-02-01,42.603014518452845,55.76204699102294,18046.0
2019-02-02,41.67402352257877,55.35219979671845,13774.0
2019-02-03,41.710444035733055,55.12726615869679,15224.0
2019-02-04,42.32572770817981,55.02927413411938,10856.0
2019-02-05,42.09914619532655,54.650748951467946,13352.0
2019-02-06,42.99474645957058,54.49724074920055,10945.0
2019-02-07,41.82879489078119,55.47083487597187,10804.0
2019-02-08,42.6492898827661,55.5757010793782,19363.0
2019-02-09,41.21164188893747,55.911106252732836,9148.0
2019-02-10,43.45063895855727,53.67500298578765,16746.0
2019-02-11,42.2713701625939,55.30094133307978,10517.0
2019-02-12,43.16362522522523,54.020468468468465,13875.0
2019-02-13,44.337470212563154,53.663292345820224,10491.0
2019-02-14,44.137538318625175,53.44767301439852,10765.0
2019-02-15,43.75228902701411,54.868210614391586,16732.0
2019-02-16,42.623724302496335,54.41272944199706,10896.0
2019-02-17,43.22436393629845,54.045898102912254,15761.0
2019-02-18,43.2932546154348,53.76118468262769,15329.0
2019-02-19,43.41087222513547,53.37954902988988,17163.0
2019-02-20,43.588928777485734,54.3380665427271,15599.0
2019-02-21,42.04687986709584,54.21184196864292,19262.0
2019-02-22,43.71216817477379,54.26546018097285,20003.0
2019-02-23,43.000313531353136,54.020231023102305,12120.0
2019-02-24,42.570457974400156,54.04263396116222,20547.0
2019-02-25,42.753464052287576,54.67084967320261,13770.0
2019-02-26,43.02223932281647,53.594279851224826,15594.0
2019-02-27,43.53627192982456,53.74169590643275,13680.0
2019-02-28,43.03632697114292,53.69153601454215,17604.0
2019-03-01,43.08884847276895,54.676590761871545,20069.0
2019-03-02,42.24533898305084,54.491377454936774,14868.0
2019-03-03,42.293971337202414,54.97083974890442,16886.0
2019-03-04,42.12429805615551,54.648488120950326,18520.0
2019-03-05,42.749496137909865,53.9683973604788,19549.0
2019-03-06,43.83426643147481,53.72718766776594,13039.0
2019-03-07,44.61087941976428,52.69095194922937,11030.0
2019-03-08,42.517533998186764,54.36640072529465,11030.0
2019-03-09,43.726737260092655,53.36011471431723,9066.0
2019-03-10,44.18289069750839,52.971671307203536,28014.0
2019-03-11,44.09072155056611,53.245970063327576,10422.0
2019-03-12,44.137352370879604,53.1042658205535,11346.0
2019-03-13,44.13837275926987,53.08293361709094,12217.0
2019-03-14,43.04825968427058,53.702998795409876,15773.0
2019-03-15,43.24657306763285,53.444124396135265,33120.0
2019-03-16,42.693519766397124,54.692688679245286,8904.0
2019-03-17,42.48884938001459,53.080479576951134,21936.0
2019-03-18,42.571602949377294,54.46748869198836,16139.0
2019-03-19,42.54795260131819,54.67243724582807,14262.0
2019-03-20,42.830040034315125,54.22953960537604,13988.0
2019-03-21,41.91466560394175,54.71803492500543,13801.0
2019-03-22,42.861196695691,55.16916722482697,17916.0
2019-03-23,42.29815558990211,54.6175476558475,9705.0
2019-03-24,42.72773228039387,53.62076143121771,20514.0
2019-03-25,42.9002521254764,53.36744063324538,17055.0
2019-03-26,43.6843681649779,52.81322144355667,22403.0
2019-03-27,43.79978415047795,52.391103916127044,19458.0
2019-03-28,44.199473648694244,52.42430663337608,14819.0
2019-03-29,44.36321862246184,53.35534841537764,19847.0
2019-03-30,44.01499640661183,52.55893156591871,12523.0
2019-03-31,44.27287212853539,52.49714513344841,15062.0
2019-04-01,43.75299300336874,52.95923814459705,15436.0
2019-04-02,44.15848130416338,52.47476516574753,16501.0
2019-04-03,44.71699100069225,52.308130143835086,13001.0
2019-04-04,44.879565127782364,52.45552349546579,9704.0
2019-04-05,43.093621823177315,53.886556765773726,10191.0
2019-04-06,43.27201009782266,53.740675291890184,9507.0
2019-04-07,44.205947602714744,52.87631175654966,27406.0
2019-04-08,44.17817061611374,53.183971563981046,10550.0
2019-04-09,42.3984655432251,54.07071516646116,14598.0
2019-04-10,44.706781279847185,53.40846864056033,6282.0
2019-04-11,44.63806327900288,53.32214765100671,6258.0
2019-04-12,44.09863588667366,53.580272822665265,4765.0
2019-04-13,43.402125520608934,53.8276604911676,6963.0
2019-04-14,44.23741174194796,52.92217816036367,10339.0
2019-04-15,39.12547490995214,52.42709823851581,20267.0
2019-04-16,44.03531232414181,52.60790658413056,14216.0
2019-04-17,45.827463927610665,52.687209586696014,8178.0
2019-04-18,45.67810953217308,52.68146255787961,6263.0
2019-04-19,44.30713509597972,54.36378123868164,13805.0
2019-04-20,41.40746483552996,55.53715804629527,9029.0
2019-04-21,41.56219887844562,54.67206381802385,12661.0
2019-04-22,46.07885476647473,52.083333333333336,6252.0
2019-04-23,43.42670175688171,52.44796927235223,14059.0
2019-04-24,44.42969214311185,52.90550338761441,8413.0
2019-04-25,43.34709028459274,53.825599852796856,8152.0
2019-04-26,44.61927464668823,54.74459390430785,11746.0
2019-04-27,42.60496725565304,54.48140368219449,8093.0
2019-04-28,44.891469816272966,52.55288713910761,7620.0
2019-04-29,43.205069124423964,53.26469766792347,14322.0
2019-04-30,44.519201002432375,52.36655119038844,13567.0
2019-05-01,44.839043747580334,52.70170344560589,10332.0
2019-05-02,45.81091492776886,52.387158908507224,6230.0
2019-05-03,45.496551136847486,53.612875755769394,11743.0
2019-05-04,45.635324015247775,52.0,4722.0
2019-05-05,43.803163957133485,52.235765838011226,13717.0
2019-05-06,44.51529330214019,52.18395286370332,11541.0
2019-05-07,44.77141992128368,51.621858916136844,9909.0
2019-05-08,45.884406019852705,52.475824527697725,6246.0
2019-05-09,46.79985219854662,51.18019460524695,8119.0
2019-05-10,45.59573383190278,53.68071726013427,11767.0
2019-05-11,42.88834884043883,55.0,7201.0
2019-05-12,42.877725659229206,53.84774340770791,15776.0
2019-05-13,41.980257658173485,56.25717721156599,17465.0
2019-05-14,43.374226428831456,53.13461958500182,13735.0
2019-05-15,44.15886207447659,53.8809333546428,6257.0
2019-05-16,44.764545600256454,53.321045039269116,6239.0
2019-05-17,45.23717130456983,53.955918645221686,11751.0
2019-05-18,44.209995800084,54.370012599748,4762.0
2019-05-19,41.48380775577558,55.73205445544554,9696.0
2019-05-20,40.55375636299807,55.40376513954713,45576.0
2019-05-21,43.88836265223275,53.49255751014885,8868.0
2019-05-22,44.960331557134396,52.730017761989345,8445.0
2019-05-23,45.10282213656388,52.26780011013216,7264.0
2019-05-24,45.404103781583856,53.91521112430049,11794.0
2019-05-25,42.83672448298866,55.832388258839224,5996.0
2019-05-26,43.862715936391716,53.035808259924494,8741.0
2019-05-27,42.431775195893,53.59470413401783,3701.0
2019-05-28,44.25801282051282,52.306089743589745,10608.0
2019-05-29,44.677653498334124,53.729533555449784,8404.0
2019-05-30,44.23361453601557,53.25159914712154,10787.0
2019-05-31,45.18073347485543,53.78669204304224,13661.0
2019-06-01,44.43205574912892,52.613240418118465,5740.0
2019-06-02,43.39006811341676,53.118564866149214,12626.0
2019-06-03,45.523459751161745,53.43426772597812,6671.0
2019-06-04,44.59302838652743,51.35314016767172,13598.0
2019-06-05,42.0553909748536,55.312366517395795,14515.0
2019-06-06,45.8151677852349,52.101476510067116,7450.0
2019-06-07,45.41814299272382,53.48236317621006,12644.0
2019-06-08,45.08260718020216,53.61484837922621,5738.0
2019-06-09,43.47340005267316,53.189228338161705,15188.0
2019-06-10,43.870222682547904,53.2775763852926,9655.0
2019-06-11,44.16173767752715,53.02548036758563,11970.0
2019-06-12,45.50153287157943,51.984217100034066,8807.0
2019-06-13,46.99822380106572,52.33570159857904,4504.0
2019-06-14,44.982218270726825,53.72542046380677,13497.0
2019-06-15,45.925,53.275,4000.0
2019-06-16,43.567792939137966,53.6275720164609,9234.0
2019-06-17,42.310483870967744,54.05987903225807,14880.0
2019-06-18,44.12364205487019,52.63625483336402,10862.0
2019-06-19,45.781042128603104,51.9029933481153,7216.0
2019-06-20,44.61045470819907,52.92767633369137,8379.0
2019-06-21,45.00008519338899,54.279178735730106,11738.0
2019-06-22,42.45300129552325,54.17273643299266,6947.0
2019-06-23,43.6273327591157,53.24413819504259,10449.0
2019-06-24,44.95194516845255,52.30927695723526,10359.0
2019-06-25,44.636737303617096,51.76205699671173,10948.0
2019-06-26,45.23464070213933,53.17759188151399,7292.0
2019-06-27,45.86320623434456,51.4859448928472,7186.0
2019-06-28,44.490317649057246,54.935111262102936,11774.0
2019-06-29,44.0,54.6329224075417,6895.0
2019-06-30,43.84954891208208,52.77649035910136,11306.0
2019-07-01,43.18007467085871,53.40983821313945,15267.0
2019-07-02,43.74132000778766,52.65202154584983,15409.0
2019-07-03,45.48210882913403,52.576540334533135,4723.0
2019-07-04,44.84477296726505,53.15522703273495,4735.0
2019-07-05,45.30996621621622,53.11317567567568,4736.0
2019-07-06,44.57752429235319,53.84495141529362,4734.0
2019-07-07,45.64690634509185,52.52766820691987,8873.0
2019-07-08,45.16413602710503,52.34722047935751,7969.0
2019-07-09,44.05044047711858,52.98199111249708,12827.0
2019-07-10,43.005547584887616,54.1297943567671,10455.0
2019-07-11,46.20482120051086,51.99393358876117,6264.0
2019-07-12,44.7394767517161,53.10044035746665,15442.0
2019-07-13,45.84799660801357,52.57600169599321,4717.0
2019-07-14,42.79213042796677,54.408527982442386,12758.0
2019-07-15,46.47871831659493,51.68165152239758,6273.0
2019-07-16,46.80951992827451,51.2886543320564,24538.0
2019-07-17,45.31422044545974,52.3390062821245,8755.0
2019-07-18,43.93640639698965,52.91589840075259,10630.0
2019-07-19,46.09687565527364,52.322499475781086,4769.0
2019-07-20,44.0407684411204,53.94456665200176,6819.0
2019-07-21,43.46052631578947,53.608350485151426,13604.0
2019-07-22,44.415780445969126,53.52054888507719,14575.0
2019-07-23,44.33664708540443,52.5710950444344,13278.0
2019-07-24,45.44176386004154,52.96149544655696,6259.0
2019-07-25,42.945935619447894,55.13258190849174,10469.0
2019-07-26,45.36447961875585,53.914900859501316,11751.0
2019-07-27,43.843322109988776,52.945454545454545,8910.0
2019-07-28,44.16696333214667,53.19900320398718,11236.0
2019-07-29,46.00170906200318,51.55833333333333,7548.0
2019-07-30,44.077361018084396,53.33924983255191,11944.0
2019-07-31,42.602201950298834,53.927713117332495,15895.0
2019-08-01,45.34708270998077,53.253900406069675,9358.0
2019-08-02,45.38055579162064,53.979858927509135,11767.0
2019-08-03,43.554872102617956,52.905033380841644,13331.0
2019-08-04,43.547772539209085,54.95015876070432,10393.0
2019-08-05,43.140499839794934,54.87327779557834,12484.0
2019-08-06,41.11530658519703,52.80526051984629,41897.0
2019-08-07,40.898356239555014,53.09056895562595,40091.0
2019-08-08,40.97457871425951,52.93448122231832,38157.0
2019-08-09,41.56327402755974,53.78192046049189,45864.0
2019-08-10,40.543331150403844,53.972713381357785,36648.0
2019-08-11,40.78419558830852,53.24894189115172,40166.0
2019-08-12,40.96156702086801,53.08608372807579,39055.0
2019-08-13,40.84594366013922,53.25391971895127,46113.0
2019-08-14,41.0038755024914,53.10699756878415,41543.0
2019-08-15,40.83534515277254,53.053517540550736,42416.0
2019-08-16,41.49063944706367,53.263880624342015,43694.0
2019-08-17,40.68788019313129,52.98576065904689,36659.0
2019-08-18,40.681565355582045,53.519754557895205,45306.0
2019-08-19,40.81738993957467,53.00797823641738,38229.0
2019-08-20,41.18753224242174,53.08322155960463,48461.0
2019-08-21,41.23154049813689,53.00948715434399,40792.0
2019-08-22,41.02267102267102,52.98406098406098,40404.0
2019-08-23,41.62455314325573,53.064107594384865,45876.0
2019-08-24,40.781738199976225,53.18706455831649,42055.0
2019-08-25,40.98469140159703,53.250474257731504,45334.0
2019-08-26,40.727611304495994,53.13409605413695,41081.0
2019-08-27,40.998016613776365,53.037380996826585,42856.0
2019-08-28,41.1657537274938,53.04475448895876,40711.0
2019-08-29,40.024174192750216,53.15823332920945,40415.0
2019-08-30,40.331516319883,54.39422544262005,45129.0
2019-08-31,40.6592285449288,52.987015112662995,36658.0
2019-09-01,40.33450998606595,52.87524384579656,43060.0
2019-09-02,40.14741474147415,53.763843050971765,38178.0
2019-09-03,41.16971080669711,53.47972209947464,40734.0
2019-09-04,40.981394886080984,52.9819918416078,40204.0
2019-09-05,40.8323279048856,53.067943600759314,40036.0
2019-09-06,41.748140519510244,52.948735553266964,43695.0
2019-09-07,40.66632756866734,53.90335707019329,39320.0
2019-09-08,41.10621409463667,53.144630092531685,45606.0
2019-09-09,40.958721028590766,53.04872272035189,41377.0
2019-09-10,41.32845321451305,52.873965626989175,43988.0
2019-09-11,41.25235854990063,52.7563963873305,39749.0
2019-09-12,41.18859884151165,52.92434101406007,39189.0
2019-09-13,41.870235773798974,52.97181350824322,45128.0
2019-09-14,40.92478104070067,52.8145285935085,38820.0
2019-09-15,40.83305706034144,54.39603875796777,58517.0
2019-09-16,41.04711422302211,53.129212790611675,40561.0
2019-09-17,41.40994010109332,52.762675632946625,44909.0
2019-09-18,40.929804794969215,52.95401545919036,38165.0
2019-09-19,40.906545135075774,52.91785635844498,36424.0
2019-09-20,41.294530583681414,53.56557394974523,45727.0
2019-09-21,40.48741606158214,54.10138123055086,36634.0
2019-09-22,41.06185312408792,52.92115129880335,44541.0
2019-09-23,41.32105045587121,52.73034242013641,43543.0
2019-09-24,41.46512720825412,53.05855211159293,46813.0
2019-09-25,41.10038508455117,52.83195005859982,41809.0
2019-09-26,40.891398117042016,53.96350213595454,48222.0
2019-09-27,41.696268907563024,53.00867226890756,44625.0
2019-09-28,40.46360917248255,53.16450648055832,40120.0
2019-09-29,40.3427166592874,52.899797264232284,42913.0
2019-09-30,40.112443252166734,54.20121749896822,48460.0
2019-10-01,41.14676429417465,53.02271993108646,46435.0
2019-10-02,39.95064092742965,53.06958275879679,39162.0
2019-10-03,41.06395072238776,52.9423091368906,39937.0
2019-10-04,41.42052244785824,53.24634263604936,43679.0
2019-10-05,39.65130038844442,54.09896329071592,38873.0
2019-10-06,41.09138337260182,53.14752127710727,41594.0
2019-10-07,40.560118634743716,53.34655217776077,41809.0
2019-10-08,40.516166375563586,53.84585076566879,49238.0
2019-10-09,39.87859560067682,52.99471235194586,37824.0
2019-10-10,40.42010824516066,53.599712321419865,41018.0
2019-10-11,39.664014821272886,53.99397885789015,36704.0
2019-10-12,39.666521181701626,53.13639215472326,36659.0
2019-10-13,39.71823340735258,54.17973391030386,52689.0
2019-10-14,40.00458319147265,53.90935756750386,38183.0
2019-10-15,40.045018007202884,54.52429305055355,59976.0
2019-10-16,39.86505038302079,53.95884242607287,36421.0
2019-10-17,39.93277985402192,53.93599036845669,39869.0
2019-10-18,40.58237232289951,54.06866648361706,43704.0
2019-10-19,39.0,54.12906629154212,34122.0
2019-10-20,39.67187004395306,54.29233313697947,44138.0
2019-10-21,39.74435445858508,54.038501092685436,46674.0
2019-10-22,40.931559238307706,54.07049637479086,62755.0
2019-10-23,39.38287337662338,53.81875,36960.0
2019-10-24,39.487343141497185,53.081674599740374,36976.0
2019-10-25,39.20061774227079,52.96290576460456,33671.0
2019-10-26,39.55627132523543,52.920322096355946,36635.0
2019-10-27,39.38936301131651,53.14288771770245,37379.0
2019-10-28,39.83857353872125,53.30426015802678,42651.0
2019-10-29,39.786646661665415,53.103500875218806,39990.0
2019-10-30,39.46469121957436,53.54868943545304,39235.0
2019-10-31,40.24688378631678,53.087956888472355,42680.0
2019-11-01,39.1441484300666,52.96170313986679,33632.0
2019-11-02,39.225957373072255,52.92525847628949,34626.0
2019-11-03,39.62295415268883,53.109662498729286,39348.0
2019-11-04,40.526330046592264,52.93363311301333,36916.0
2019-11-05,40.59533285951196,53.12975598199479,42210.0
2019-11-06,40.61070352044589,52.77973042142979,35166.0
2019-11-07,40.47747747747748,51.929917299002476,35187.0
2019-11-08,40.03261982928431,52.4343007222587,38075.0
2019-11-09,40.17631072358736,52.220926282414226,35324.0
2019-11-10,40.34859915161675,52.42248977621987,39369.0
2019-11-11,40.26035974499089,52.21573315118397,35136.0
2019-11-12,40.494263447042286,52.25417145777437,39135.0
2019-11-13,40.396215257244236,53.162733186387825,37202.0
2019-11-14,40.52403078263395,52.8552344997822,34435.0
2019-11-15,40.39789463400337,52.13174413208607,40943.0
2019-11-16,40.08817063751411,52.044085318757055,33662.0
2019-11-17,40.361248885739755,53.31683847226349,43751.0
2019-11-18,40.61311366651924,52.93796992481203,36176.0
2019-11-19,40.62724588358941,52.90831289725239,39962.0
2019-11-20,40.47356117923298,52.24774328202452,38330.0
2019-11-21,40.58715338894416,53.16303155531747,39201.0
2019-11-22,40.636018016272764,52.801942076714454,41296.0
2019-11-23,40.0,53.0,31920.0
2019-11-24,40.354911433172305,53.3925235794801,43470.0
2019-11-25,40.381515873668064,52.98233215547703,36507.0
2019-11-26,40.44050903034404,52.9372560245667,38426.0
2019-11-27,40.06673794885503,52.98509014226737,33669.0
2019-11-28,40.06377285565631,53.021257618552106,33635.0
2019-11-29,40.44451820185338,53.06372640131701,37661.0
2019-11-30,40.07459428180646,52.9660432941424,38019.0
2019-12-01,40.28851189798474,53.040532847546395,35132.0
2019-12-02,40.42192170818505,52.91202846975089,35125.0
2019-12-03,40.69512103537187,52.04433374220842,39947.0
2019-12-04,40.61670991733326,51.9309237807325,37379.0
2019-12-05,40.51374133640183,52.20862211993899,37369.0
2019-12-06,40.14154305129693,52.903317587911936,36201.0
2019-12-07,40.2658530748983,53.02951264257797,37611.0
2019-12-08,40.77554818969913,52.889954105048446,39220.0
2019-12-09,40.68385223501854,52.359676947101306,40984.0
2019-12-10,40.858263372511395,51.86723434876469,41690.0
2019-12-11,41.60338254484047,52.05961671314894,39083.0
2019-12-12,41.47101645377787,51.879952370643,36952.0
2019-12-13,40.97555012224939,51.92665036674816,32720.0
2019-12-14,41.471630931186624,51.98534458291405,38757.0
2019-12-15,41.64963119072708,52.12024098593485,43654.0
2019-12-16,40.561143134191674,51.97069439207025,37126.0
2019-12-17,40.9607622038253,51.89626034827291,42036.0
2019-12-18,40.67717319177173,51.91694315416943,36168.0
2019-12-19,40.598374778203514,51.92545066474657,38887.0
2019-12-20,40.11164407556119,52.46942790158722,37109.0
2019-12-21,40.0,52.0,31920.0
2019-12-22,41.390270768757844,52.160104516228195,39037.0
2019-12-23,41.32529854046882,52.00033171163202,36176.0
2019-12-24,41.03881680228722,52.107543435232024,36376.0
2019-12-25,41.0,53.0,31920.0
2019-12-26,41.354729271271545,52.11005563848555,36845.0
2019-12-27,41.01975060674533,52.2936647418194,35847.0
2019-12-28,41.058112243382155,51.992245758935205,33659.0
2019-12-29,41.558001830220164,52.11395812025623,37154.0
2019-12-30,41.18605650174357,52.44177995653712,39574.0
2019-12-31,41.16435977053839,52.04686595442345,38002.0
2020-01-01,41.0428643619393,52.004845278083295,33641.0
2020-01-02,41.40394973070018,50.95511669658887,33420.0
2020-01-03,41.06351094196004,51.093244529019984,33632.0
2020-01-04,41.24208975062849,51.08842141763227,34607.0
2020-01-05,41.333423180592995,51.383153638814015,37100.0
2020-01-06,41.389547950271684,51.956245910500414,35151.0
2020-01-07,41.33796837360174,52.289765544875614,41927.0
2020-01-08,41.187446156791424,52.55927539006413,41788.0
2020-01-09,41.227160758273534,52.209596230052476,37348.0
2020-01-10,41.11764705882353,51.962566844919785,33660.0
2020-01-11,41.331939493647745,52.3438214057216,43764.0
2020-01-12,41.45009879041974,52.1859428461279,41502.0
2020-01-13,41.305520006825354,51.978073543213036,35163.0
2020-01-14,41.78066299647946,52.046901212106896,42323.0
2020-01-15,41.56284568402842,51.97231906471991,38149.0
2020-01-16,42.429807818015426,51.99900640606615,38245.0
2020-01-17,41.96228938218775,52.1166087189088,33651.0
2020-01-18,41.97397613164397,52.13348404395142,38042.0
2020-01-19,41.825154958677686,53.496494982290436,54208.0
2020-01-20,41.96752723954699,52.45987869679566,37262.0
2020-01-21,42.43097377093585,51.50042887454291,44302.0
2020-01-22,42.182430447261964,52.25714737722331,44247.0
2020-01-23,41.97152575266209,51.63090115165598,39161.0
2020-01-24,41.240198682532935,52.217647683807904,37648.0
2020-01-25,41.06447831184056,52.12895662368113,34120.0
2020-01-26,41.47565329498686,52.29273069866614,40334.0
2020-01-27,41.44634857235386,52.051708317590546,37054.0
2020-01-28,41.543424198947875,52.17144906743185,41820.0
2020-01-29,41.88952578319628,52.22897330188055,45359.0
2020-01-30,41.67263674377009,52.07391293838977,41373.0
2020-01-31,41.06682506682507,52.04455004455004,33670.0
2020-02-01,41.05179438522074,52.19054529218061,35834.0
2020-02-02,41.65737708725238,52.051417822058106,43059.0
2020-02-03,41.3369688707112,52.00215860031811,35208.0
2020-02-04,41.488248692213354,52.09280905063449,39953.0
2020-02-05,41.67218805792501,51.94673675857965,40328.0
2020-02-06,41.35906642728905,51.86535008976661,33420.0
2020-02-07,42.42495394682577,51.76899177916472,36371.0
2020-02-08,42.0,51.0,31920.0
2020-02-09,42.372368192100225,51.465917000174,45976.0
2020-02-10,42.290493408877374,51.023118754092756,35123.0
2020-02-11,42.39696598972351,51.16655248348422,40870.0
2020-02-12,43.11473777682103,51.24796168231843,37163.0
2020-02-13,43.36468220511844,50.10432701460469,36769.0
2020-02-14,43.38680109990834,50.923978557342444,36003.0
2020-02-15,42.29834976187839,51.30665632960461,45145.0
2020-02-16,43.30261865401663,51.18067035626153,41739.0
2020-02-17,42.71762872074528,51.30915610088616,44010.0
2020-02-18,42.49625421710657,51.667319904743,40312.0
2020-02-19,42.41019991401548,52.03506556319862,37216.0
2020-02-20,41.96827397554173,52.42088607594937,37288.0
2020-02-21,41.97028408415547,52.1167241174373,33652.0
2020-02-22,42.05725268055836,52.03069275454467,34601.0
2020-02-23,42.13273975143758,52.85353366722315,53910.0
2020-02-24,42.36995930447651,51.86840832123851,35139.0
2020-02-25,42.48969879140835,52.26455424050765,47907.0
2020-02-26,42.569586160459934,52.01766198788005,38614.0
2020-02-27,42.26607442717079,51.36585233735984,36922.0
2020-02-28,42.51860988952054,51.152955057384965,37292.0
2020-02-29,42.08740715637267,51.137789827445,35409.0
2020-03-01,42.363126386737555,51.70950726336501,47774.0
2020-03-02,42.22441651705566,51.0,33420.0
2020-03-03,42.32682352941176,51.166282352941174,42500.0
2020-03-04,42.268853833656514,51.41790262564855,38162.0
2020-03-05,42.42564701699134,51.1756533665202,39373.0
2020-03-06,42.015144766146996,52.03756495916852,33675.0
2020-03-07,42.14717827332752,51.542768157468544,40135.0
2020-03-08,42.377275612542846,52.14538529897169,39385.0
2020-03-09,42.46131730266597,52.204794943686736,42086.0
2020-03-10,42.31025271703548,51.98064685085767,38185.0
2020-03-11,42.28325206643895,52.05561784568851,38351.0
2020-03-12,42.66584014771828,51.81155367976787,37910.0
2020-03-13,42.07108064225149,52.11504858122213,38801.0
2020-03-14,42.12168832208319,51.92652277153758,37481.0
2020-03-15,42.81683168316832,51.250664090799326,41410.0
2020-03-16,42.23574385938175,51.47872691711753,39369.0
2020-03-17,42.47876844452239,51.3463687150838,39917.0
2020-03-18,43.81102743410436,50.88988703604088,37180.0
2020-03-19,42.92882432573154,51.43572321149641,38412.0
2020-03-20,43.42109061169509,50.32576431818728,41573.0
2020-03-21,43.26085500613908,49.908360308070094,35836.0
2020-03-22,44.783670779648695,49.876428749971595,44007.0
2020-03-23,44.44044068252049,49.14126024452506,37215.0
2020-03-24,44.28017439511917,50.95957710576535,71791.0
2020-03-25,44.342942419046196,49.30997987027511,40239.0
2020-03-26,44.63115825881559,49.59802598279062,47416.0
2020-03-27,44.03008385442181,49.32830014696136,34703.0
2020-03-28,44.064160512749055,49.500504389020485,35885.0
2020-03-29,44.17809280013767,49.885021618947235,46487.0
2020-03-30,45.53580966253945,49.210852148579754,41190.0
2020-03-31,45.3113940642262,49.4199513154199,42724.0
2020-04-01,44.986054046439556,49.29450848731012,42593.0
2020-04-02,44.993229987012626,48.527508358893584,36189.0
2020-04-03,45.057575835674335,48.55256307827118,38801.0
2020-04-04,44.8052743041549,48.896518253327955,39664.0
2020-04-05,44.6874181918387,49.35956552690197,43547.0
2020-04-06,45.04918200148031,49.27674127766009,39181.0
2020-04-07,44.73460134910981,49.833130598252794,45215.0
2020-04-08,44.915785404644225,49.34972526713974,36217.0
2020-04-09,43.987912889444615,49.67479420652287,38388.0
2020-04-10,43.99129241456365,49.836297393796606,41171.0
2020-04-11,43.867123805410074,49.42681280708385,37042.0
2020-04-12,43.94168270374295,50.287391614591215,46247.0
2020-04-13,44.34396372857911,49.675606444837214,39039.0
2020-04-14,44.34166070305554,50.06520937696528,46113.0
2020-04-15,44.425291803701555,49.5059435523742,46521.0
2020-04-16,44.93522892017023,50.02415470233363,42766.0
2020-04-17,44.88476630121177,49.358915175995385,34660.0
2020-04-18,44.63718726043627,49.979812762794154,43047.0
2020-04-19,44.16132917038359,49.73579393398751,44840.0
2020-04-20,44.046256567425566,50.14993432574431,45680.0
2020-04-21,43.85277804286832,50.22231977554254,52393.0
2020-04-22,43.95914310954063,49.53770980565371,36224.0
2020-04-23,44.12875121006776,49.332180887844004,36155.0
2020-04-24,43.931703078450845,49.63795928500497,40280.0
2020-04-25,44.979285714285716,49.41258241758242,36400.0
2020-04-26,44.19788946444625,50.32593432938054,46718.0
2020-04-27,44.06458557588805,49.52513041318208,36231.0
2020-04-28,44.17108254953886,50.35752214409643,43804.0
2020-04-29,43.95070389378031,50.48385046376948,42478.0
2020-04-30,44.12010495569088,50.372270904500226,40398.0
2020-05-01,43.84755403868032,49.88200877620673,36918.0
2020-05-02,44.179388789913666,50.268685761271755,36485.0
2020-05-03,43.96741819539747,50.68337767819633,42846.0
2020-05-04,44.23993008659728,49.37594343370144,37761.0
2020-05-05,44.28854572916432,50.43038391307288,44359.0
2020-05-06,44.34923961523994,50.19976892901284,37218.0
2020-05-07,43.29722260605223,50.167472709686336,36185.0
2020-05-08,42.95285569449138,50.801863563945346,41426.0
2020-05-09,42.819486593908515,50.807272886975994,45539.0
2020-05-10,43.9999276341181,50.37671265920494,41456.0
2020-05-11,43.32293679271322,50.16146839635661,36230.0
2020-05-12,44.12319627618309,50.74515363095658,42537.0
2020-05-13,44.27718733225979,50.22823403113258,37260.0
2020-05-14,44.448866550415424,50.382295620063594,38996.0
2020-05-15,42.93725903459621,50.636816943402046,38906.0
2020-05-16,43.069051202758544,50.50071973947073,36541.0
2020-05-17,43.208087106230515,50.784607510120516,42982.0
2020-05-18,43.00388005365012,50.96656447595325,41752.0
2020-05-19,42.95869507834809,50.94858301538167,41673.0
2020-05-20,42.922303033374725,51.795038138921974,39461.0
2020-05-21,43.04497257769653,51.32370505789153,41025.0
2020-05-22,43.227721890857296,50.89441823199501,33699.0
2020-05-23,42.959329235475735,51.43287539302609,35303.0
2020-05-24,42.053525824777196,51.21410329910877,38374.0
2020-05-25,42.373990186846406,51.47544233533231,40354.0
2020-05-26,42.25749776712264,52.5804893527006,42546.0
2020-05-27,42.20131998383693,52.563776770080366,44546.0
2020-05-28,42.39232118721955,51.216734335297616,36994.0
2020-05-29,42.10536430481283,51.188029188948306,35904.0
2020-05-30,42.254862726849694,51.42862617359648,36533.0
2020-05-31,42.32525107984206,51.37218114847497,37737.0
2020-06-01,41.63172736211342,52.76197985269837,53903.0
2020-06-02,42.09248169314009,52.830325286282346,46021.0
2020-06-03,41.964602470467135,52.15370226949659,40802.0
2020-06-04,41.45913382438555,52.55387652821019,39507.0
2020-06-05,40.68478548569504,53.63216150532977,41559.0
2020-06-06,40.00164522310429,54.535083493019435,36530.0
2020-06-07,40.05869834478099,54.70897421461547,44405.0
2020-06-08,39.387926030350776,54.99328302512646,36177.0
2020-06-09,39.658416162739506,55.01455712332893,43161.0
2020-06-10,39.7416718394372,54.82785019656528,38664.0
2020-06-11,39.99312972197847,54.74269631658926,46723.0
2020-06-12,39.28853468574533,55.05534711620566,38647.0
2020-06-13,39.53006956726801,55.240216955547695,42405.0
2020-06-14,39.29411241353233,54.90978447029516,44959.0
2020-06-15,40.246846892115975,54.349756293653584,39802.0
2020-06-16,40.77593542626022,54.70090872480871,57113.0
2020-06-17,40.3199135676106,53.98601160013647,35172.0
2020-06-18,40.56191392754911,54.197635968808605,40524.0
2020-06-19,39.83661916845598,54.38381528680182,35861.0
2020-06-20,40.02908065136556,55.10939864085139,38995.0
2020-06-21,40.01557962780598,55.29919450546676,39603.0
2020-06-22,40.19425615412059,55.36518908312522,44848.0
2020-06-23,40.67409412258802,54.56086236263095,42859.0
2020-06-24,39.482832350888074,55.54547273714419,51572.0
2020-06-25,39.38213643055783,54.86316047767054,36678.0
2020-06-26,40.21334995293938,55.02541273434917,39311.0
2020-06-27,40.40218276592279,54.19704620730847,36834.0
2020-06-28,39.98163550626762,55.52041420819412,42201.0
2020-06-29,39.30294082910122,54.793551434982874,42335.0
2020-06-30,43.04872230421505,54.23931850036665,215466.0
2020-07-01,39.50781715885815,54.713681972568644,38569.0
2020-07-02,39.54555445653369,54.805583031102316,36396.0
2020-07-03,38.93911045916249,55.40530292546567,36131.0
2020-07-04,39.200309757356735,55.01720874204096,34866.0
2020-07-05,41.446713424824026,54.981427558616495,78988.0
2020-07-06,39.619537940134016,55.71570123923111,38653.0
2020-07-07,39.50663262752165,55.79796766281223,39954.0
2020-07-08,39.30032266673136,54.963609015259955,41219.0
2020-07-09,39.34109755817426,55.60198010704523,43533.0
2020-07-10,39.5786268131008,55.839468727833086,40883.0
2020-07-11,39.18115942028985,54.927536231884055,33120.0
2020-07-12,41.35678081146428,55.161144179097285,124491.0
2020-07-13,39.358756609517705,55.13018746995674,37446.0
2020-07-14,39.5782535482319,54.822997353860956,41570.0
2020-07-15,39.56617485193144,54.98088369411395,38158.0
2020-07-16,39.35049791687837,55.13664769840464,39364.0
2020-07-17,39.94633857100504,55.05366142899496,33730.0
2020-07-18,39.32456678647614,54.75742964846147,34221.0
2020-07-19,41.66215541454281,55.109175075418705,96130.0
2020-07-20,39.13691268025329,55.44968871388283,37586.0
2020-07-21,39.59201671891327,55.25805642633229,47850.0
2020-07-22,39.62133138716572,54.83699108585727,38366.0
2020-07-23,40.01743232674891,54.757889956860666,39639.0
2020-07-24,39.18590313592981,54.91107949493153,33738.0
2020-07-25,39.03623188405797,55.072463768115945,33120.0
2020-07-26,41.81706731817984,55.24646612276951,91684.0
2020-07-27,39.62145178764897,54.75173347778981,36920.0
2020-07-28,40.580741661955905,54.88410853589599,44225.0
2020-07-29,40.65313520322904,54.72077538113479,38897.0
2020-07-30,40.55015258870047,53.71206114162885,37683.0
2020-07-31,43.48314499061614,54.860559837080224,250430.0
2020-08-01,40.0,54.0,31920.0
2020-08-02,42.28495453428361,54.665598427131975,101725.0
2020-08-03,40.29580062305296,54.22078504672897,40125.0
2020-08-04,39.810248198558845,54.85020743867822,41217.0
2020-08-05,39.348456421627155,54.90829495707545,35178.0
2020-08-06,39.749895156217235,54.66035856573705,38152.0
2020-08-07,39.08884372302809,55.116852743826044,35917.0
2020-08-08,39.0,55.12895662368113,34120.0
2020-08-09,42.164865887753486,54.27683160580644,81909.0
2020-08-10,39.704370124084576,55.18267162135732,46017.0
2020-08-11,40.83610930247212,54.795278402049945,47611.0
2020-08-12,40.508161560517465,53.80590612512135,44293.0
2020-08-13,40.319836214740675,54.056642402183805,35168.0
2020-08-14,40.15009230275303,54.307568825748454,37377.0
2020-08-15,40.34377687587573,54.195798424892494,41394.0
2020-08-16,42.58098818937187,53.58671411965616,69683.0
2020-08-17,40.3362769425388,54.04174573055028,41106.0
2020-08-18,40.55591138935709,54.04656874548519,41530.0
2020-08-19,40.73500551119714,53.927924294970026,37197.0
2020-08-20,40.42006298416201,53.88016918373445,43503.0
2020-08-21,40.011361737677525,54.21570593149541,35910.0
2020-08-22,40.09182562868763,54.199633384888585,34914.0
2020-08-23,42.77411990471149,54.15502029292394,90672.0
2020-08-24,40.69724166973733,54.614360162130865,37994.0
2020-08-25,41.15966779978423,54.07578317422192,49127.0
2020-08-26,40.77228024494913,52.8881749361107,41478.0
2020-08-27,41.08702975856261,54.10106681639528,35620.0
2020-08-28,41.28434197886647,53.946559482279184,39558.0
2020-08-29,41.30973579233393,53.81040064751113,34594.0
2020-08-30,42.865269054699354,53.84399639697445,81043.0
2020-08-31,44.35426557887196,53.14125041636438,219159.0
2020-09-01,41.62644188110026,53.47995098660582,47334.0
2020-09-02,41.75426834233598,52.853532748839605,36841.0
2020-09-03,41.55574827202361,53.08177793885423,38629.0
2020-09-04,41.0,53.0,31920.0
2020-09-05,41.01714675605921,53.10614375982675,33709.0
2020-09-06,43.24975754239732,53.037626798773296,76302.0
2020-09-07,41.311919724829956,53.31773864018414,38667.0
2020-09-08,41.72689453329152,53.051384969164836,47835.0
2020-09-09,43.94591775923719,53.3611442193087,6712.0
2020-09-10,41.663356728577554,53.54349935681885,44311.0
2020-09-11,41.25860604688031,53.67769788245952,35324.0
2020-09-12,41.052734664806955,53.99338220019586,33697.0
2020-09-13,42.725723793677204,53.91616638935108,75125.0
2020-09-14,41.37834875791525,54.2006088650755,41060.0
2020-09-15,41.81734725426308,53.851166551715934,42047.0
2020-09-16,41.51185449821371,53.79469215422447,43106.0
2020-09-17,41.5112890698235,52.81838390872325,37337.0
2020-09-18,41.270550583772895,52.832513483079474,33746.0
2020-09-19,41.11342894393742,53.04397297617636,33748.0
2020-09-20,42.52457125547581,53.788761767173085,85832.0
2020-09-21,42.777324801321086,52.899783259366295,38756.0
2020-09-22,42.590434293100934,53.21733419510873,47963.0
2020-09-23,41.62870424171993,52.69058686809994,34420.0
2020-09-24,42.821534191883536,52.79493633907053,41077.0
2020-09-25,41.17838411220461,52.941599387117684,33938.0
2020-09-26,40.8826304924801,53.35210852255972,33910.0
2020-09-27,43.169405921841786,53.28691681222248,95038.0
2020-09-28,41.579421045410896,52.985869117848814,36445.0
2020-09-29,42.27378475001334,53.16522597513473,37482.0
2020-09-30,43.54575350018707,53.03159521887246,203132.0
2020-10-01,41.82942051189618,52.93396268925739,44384.0
2020-10-02,41.23700726364445,53.05125319399385,34831.0
2020-10-03,40.94395978116221,54.224160875351174,33815.0
2020-10-04,43.42895039771018,53.52526989328715,96427.0
2020-10-05,41.232987714559556,53.13165461357497,34431.0
2020-10-06,42.07863949629882,53.95101250744491,47012.0
2020-10-07,41.179533213644525,53.0,33420.0
2020-10-08,41.36758941294648,53.417137384072696,42807.0
2020-10-09,41.28419577356838,53.22874849447061,36532.0
2020-10-10,41.231970754403456,53.231970754403456,36108.0
2020-10-11,43.08837926949111,53.69411202850766,108883.0
2020-10-12,41.45957303748529,53.507432221501816,41643.0
2020-10-13,41.85654593131089,53.175048500223845,46907.0
2020-10-14,41.269299820466784,52.91023339317774,33420.0
2020-10-15,41.405870773217714,53.28730906281927,40131.0
2020-10-16,42.19343493552169,52.93552168815944,34120.0
2020-10-17,42.0,53.0,31920.0
2020-10-18,43.415219620295034,53.12855559965602,120936.0
2020-10-19,42.28103554092507,53.03771690007253,35846.0
2020-10-20,42.09663704977549,53.43398299417216,41868.0
2020-10-21,42.44883303411131,52.77558348294434,33420.0
2020-10-22,42.50912538516236,52.866424376497854,37971.0
2020-10-23,43.236607142857146,52.58533653846154,40768.0
2020-10-24,42.09971930861279,53.066479539075196,33845.0
2020-10-25,43.799278763199666,53.26073227966043,115912.0
2020-10-26,41.85768162617564,53.88499614926837,42849.0
2020-10-27,42.629104374626245,53.188099728598374,43478.0
2020-10-28,43.50642591108387,52.64719249446043,42422.0
2020-10-29,42.77758822630748,52.525156592147475,39274.0
2020-10-30,42.0,53.0,31920.0
2020-10-31,44.710432302196125,53.009415935085435,361090.0
2020-11-01,44.30847300591599,53.0073437274543,131677.0
2020-11-02,43.34652189915348,52.57625598086124,43472.0
2020-11-03,42.91993637327678,52.80911983032874,37720.0
2020-11-04,42.73947317823495,52.79435273436427,36407.0
2020-11-05,42.379759664108875,52.75054292746489,34535.0
2020-11-06,42.09950022716947,52.966833257610176,33015.0
2020-11-07,42.0,53.0,31920.0
2020-11-08,42.44883303411131,51.77558348294434,33420.0
2020-11-09,42.35934868051656,52.809096013475575,35620.0
2020-11-10,42.429162661540104,52.873571504859555,37452.0
2020-11-11,42.44883303411131,52.730700179533216,33420.0
2020-11-12,42.51741565359924,52.81423302827483,36605.0
2020-11-13,42.0,53.06450572960933,34121.0
2020-11-14,41.07361268403171,54.09060022650057,35320.0
2020-11-15,41.49371633752244,53.68581687612208,33420.0
2020-11-16,41.62234982332156,53.711738074204945,36224.0
2020-11-17,41.24749244389761,53.8968357985396,37387.0
2020-11-18,41.35906642728905,53.820466786355475,33420.0
2020-11-19,41.902928253691016,53.60409900936059,36643.0
2020-11-20,41.0,54.06150770316359,34012.0
2020-11-21,41.18115942028985,53.891304347826086,33120.0
2020-11-22,41.356541268950025,53.893318360471646,35620.0
2020-11-23,40.7442111195511,54.014456886623705,40811.0
2020-11-24,41.42955326460481,53.828178694158076,34920.0
2020-11-25,41.0,54.0,31920.0
2020-11-26,41.0,54.0,31920.0
2020-11-27,41.0,54.0,31920.0
2020-11-28,41.0,54.0,31920.0
2020-11-29,41.33688938798428,53.85120718697361,35620.0
2020-11-30,42.0325562146503,53.48130776658849,36245.0
2020-12-01,41.17832689977741,54.11915696937252,35491.0
2020-12-02,41.40394973070018,53.730700179533216,33420.0
2020-12-03,41.35906642728905,53.820466786355475,33420.0
2020-12-04,39.93552168815944,54.12895662368113,34120.0
2020-12-05,41.03623188405797,54.0,33120.0
2020-12-06,40.40831155128174,54.198316587132204,41701.0
2020-12-07,41.573141247045996,53.48265315397201,44008.0
2020-12-08,40.62670621770063,54.03575815160715,43151.0
2020-12-09,40.859622299612106,53.553837877629604,35319.0
2020-12-10,40.379000561482314,53.85120718697361,35620.0
2020-12-11,40.0,54.0,31920.0
2020-12-12,40.0,54.0,31920.0
2020-12-13,41.373518804739824,53.105615662029884,38820.0
2020-12-14,41.3118470485307,53.372523287530235,38862.0
2020-12-15,41.23212592452114,53.49781907832354,42184.0
2020-12-16,41.44883303411131,52.77558348294434,33420.0
2020-12-17,41.24577501597073,53.91445496254138,34438.0
2020-12-18,41.0,54.0,31920.0
2020-12-19,39.93940144819801,54.30293769444674,36321.0
2020-12-20,40.49098413010367,54.17361076991107,40706.0
2020-12-21,40.22441651705566,53.95511669658887,33420.0
2020-12-22,40.49205226049379,53.846655378939126,39571.0
2020-12-23,40.0,54.12895662368113,34120.0
2020-12-24,40.0,55.0,31920.0
2020-12-25,40.0,55.0,31920.0
2020-12-26,40.0,55.12895662368113,34120.0
2020-12-27,40.0,55.0,31920.0
2020-12-28,40.269299820466784,54.86535008976661,33420.0
2020-12-29,40.31418312387792,54.86535008976661,33420.0
2020-12-30,40.395845030881524,53.93823694553622,35620.0
2020-12-31,41.0,54.0,31920.0
2021-01-01,41.0,53.0,31920.0
2021-01-02,41.0,53.257913247362254,34120.0
2021-01-03,41.95451872181925,52.68182709272692,35707.0
2021-01-04,41.269299820466784,52.91023339317774,33420.0
2021-01-05,41.0830682137176,53.54245812669598,42748.0
2021-01-06,41.35906642728905,52.86535008976661,33420.0
2021-01-07,41.00687109290796,53.4831860314723,37112.0
2021-01-08,39.94121815038404,55.02581979990364,35283.0
2021-01-09,39.0,55.0,31920.0
2021-01-10,38.234837317047486,56.22412340739181,37988.0
2021-01-11,37.47397966226476,57.53830580223623,43466.0
2021-01-12,35.60801711518973,58.416912509852494,44405.0
2021-01-13,35.530760240396596,57.86084028027806,36107.0
2021-01-14,36.04504387895105,58.55145098242253,38629.0
2021-01-15,35.49497355229998,58.93544545681132,36109.0
2021-01-16,35.0,59.0,31920.0
2021-01-17,35.90708478513356,58.58361078848884,38745.0
2021-01-18,35.73554183043234,58.660303200449185,35620.0
2021-01-19,36.395133135087285,58.394847115973946,44053.0
